204.28323800000001,202.10683200000003,199.123096,195.24570599999998,190.27547000000001,184.36016799999999,177.769316,170.65256599999998,163.03086999999999,154.88666200000003,146.29481999999999,137.405666,128.29268400000001,118.91855799999999,109.258674,99.392571800000013,89.404464000000004,79.238281600000008,68.780456000000001,58.033511799999985,47.080686200000002,35.938700599999997,24.549956000000002,12.924875399999996,1.2122933399999991,-10.44467358,-22.0267214,-33.523565400000003,-44.835986199999994,-55.853532399999992,-66.513353000000009,-76.776229520000001,-86.601659399999988,-95.920313600000014,-104.61541960000002,-112.55719240000001,-119.67853299999999,-125.980558,-131.42346000000001,-135.92558400000001,-139.51723999999999,-142.30097999999998,-144.271266,-145.394486,-145.75425999999999,-145.42909600000002,-144.39382800000001,-142.64326800000001,2.12157968,0.71185821800000004,8.4516158000000008,11.800194799999998,0.50236999999999998,0.58037658199999997,5.0193822000000008,0.17055499999999996,0.47558904000000002,0.81233871999999996,1.1854332000000001,1.4064739999999998,1.6945314,1.9283437999999999,2.2300490000000002,2.6567972000000002,0.0240024985,0.0063462608333333323,784.74313999999993,2.4979102000000002,2.6596263799999997,10.276051599999999,0.039149793999999981,-2961.8689039999999,0.72453480000000003,0.084488380000000002,0.77324890000000002,0.08803812933333334,0
161.18456333333336,159.62363333333332,157.43481111111112,154.59058999999999,150.99970333333331,146.78310888888888,142.12443999999999,137.12235333333331,131.79770444444446,126.14952777777778,120.22337666666668,114.10099555555556,107.81995555555555,101.35277111111112,94.67289333333332,87.816845555555545,80.836956666666666,73.70617,66.354445555555557,58.777943333333333,51.028413333333333,43.124055555555557,35.039666333333336,26.789157777777781,18.468788999999997,10.174343277777778,1.9280031111111084,-6.2610843333333355,-14.339097222222218,-22.245636777777786,-29.94172855555556,-37.395726444444449,-44.574399877777779,-51.429550111111119,-57.882334888888899,-63.842124044444439,-69.258279777777773,-74.12797851111111,-78.427927655555564,-82.109515111111108,-85.191247777777775,-87.740630333333314,-89.767484666666675,-91.262366555555545,-92.277082222222205,-92.857447777777764,-92.988564444444435,-92.665679999999995,0.087937787727272718,651.67820000000006,3.0083004444444446,7.2866381333333328,0.10842738555555556,1.0858939666666665,1.9247608444444444,0.74116247777777788,7.8353804444444455,11.324071777777778,0.36543449555555557,0.43870393888888892,3.653834588888889,0.16986906666666668,0.43068608888888893,0.73488828888888891,1.143669,1.3889884444444445,1.6583302222222223,1.883844777777778,2.1673138888888888,2.6925571111111113,0.80941293333333331,11.328088777777776,-0.22610520888888885,-1443.1341711111111,0.020587514636363637,0.00513409099090909,0
0.015129457999999998,0.0054810735647058823,671.91877692307685,2.619422707692308,-2.6608622461538456,11.591854,-0.12910189461538463,-1150.501346153846,126.32062615384615,124.55972923076924,122.72674076923077,120.74700307692309,118.13266384615386,114.81055999999998,111.02323846153845,106.99345000000001,102.79851615384617,98.375029230769243,93.692844615384601,88.864455384615411,83.979382307692305,78.969093846153839,73.75359538461538,68.39737384615384,62.994933846153849,57.515063076923077,51.874761923076932,46.059727384615378,40.104921230769229,34.030055307692301,27.812928307692303,21.441618261538459,14.985682307692306,8.5274855692307678,2.0886120769230754,-4.2862611538461497,-10.52744653846154,-16.660790307692313,-22.75081646153847,-28.745610230769234,-34.499663461538461,-39.903583307692315,-44.947533538461542,-49.680023938461538,-54.10458684615385,-58.128456615384607,-61.624533230769217,-64.545678630769231,-66.975712523076922,-69.033469230769214,-70.744160615384615,-72.06085576923077,-72.95847946153846,-73.4487496923077,-73.560641000000004,-73.33276807692306,0.074283372752941168,0.33965952769230773,0.96758933076923082,0.18813418461538461,0.50935599230769235,0.80684779230769244,1.1531055384615385,1.3754585384615388,1.638234230769231,1.8739000769230771,2.1395811538461538,2.6237527692307698,0.69076909230769223,1.6145246769230766,0.64860852307692296,6.5479180000000001,10.970338461538462,0.37157803076923074,0.42990698384615383,3.7141655846153845,0
0.8220149000000001,0.074162796633333347,0.15748135999999996,0.49492102000000004,0.75221389999999988,1.1339631999999999,1.4137704,1.6772444,1.9433872000000001,2.2508203999999998,2.7198120000000001,1.4860739999999999,0.38619302,7.3341405999999996,10.2498048,0.70170736000000011,0.73312975999999996,7.0534867999999991,0.34867631999999993,0.31550122000000003,8.717603200000001,-0.26281260000000001,-2849.0265200000003,683.31006000000002,2.7541193599999998,3.8644596,130.37346600000001,128.77295399999997,126.48576,123.58726200000001,120.12796,116.217624,111.888822,107.12400199999999,101.920068,96.272255999999999,90.195426000000012,83.744268000000005,77.006157999999999,70.091448,63.094787999999994,56.075830000000011,49.074021999999999,42.106544599999992,35.163600200000005,28.207979399999999,21.189671199999999,14.090556319999999,6.9325959800000003,-0.24570300000000009,-7.3922483999999997,-14.465206,-21.440012200000002,-28.271300400000001,-34.922089200000002,-41.403099999999995,-47.718106200000001,-53.850667199999997,-59.809397199999999,-65.602324400000015,-71.2056532,-76.57786200000001,-81.655017999999984,-86.358454000000009,-90.617035999999999,-94.366150000000005,-97.570263999999995,-100.23605999999999,-102.36178799999999,-103.925042,-104.933736,-105.42211,-105.398552,-104.844472,0.019208446816666665,0.0061325439333333341,0
0.19214505555555553,0.50700647777777774,0.71065873333333329,1.0617433777777778,1.3415247777777777,1.5873877777777776,1.8680509999999997,2.0851391111111108,2.5304079999999995,647.28841111111115,2.4844673222222222,1.5876301000000002,10.766922555555556,-0.26391905999999998,-1560.1672555555556,0.062397354363636352,1.3522779,0.39857805555555553,6.4686102222222228,10.881444666666665,0.56283663333333322,0.59489345444444452,5.6802395555555556,0.013726150454545451,0.0046277834636363627,102.25658666666668,100.82618777777779,98.896440000000013,96.573254444444444,93.886767777777777,90.920714444444442,87.713142222222217,84.266294444444441,80.569661111111103,76.586394444444437,72.310326666666668,67.785432222222227,63.071565555555544,58.238578888888888,53.349293333333335,48.449291111111101,43.581786666666666,38.769014111111119,33.985978888888887,29.162108222222223,24.202441555555556,19.038725311111111,13.671081700000002,8.1647193888888889,2.6162398777777778,-2.8969853333333346,-8.3221687777777777,-13.597730222222218,-18.68442977777778,-23.596391000000001,-28.358421222222223,-33.001518777777775,-37.575008422222218,-42.092244455555559,-46.520828666666667,-50.821637666666675,-54.930031111111106,-58.747978000000003,-62.185213000000005,-65.187308666666667,-67.762822333333347,-69.970383777777784,-71.842258888888892,-73.375799999999984,-74.589118888888891,-75.501268888888902,-76.08307111111111,-76.279873333333342,0.78849960000000019,0.36156719999999998,0.81335789999999997,0
0.39784611230769235,0.76037571538461546,0.19191508461538462,0.51796129230769228,0.7285893384615385,1.0856567230769232,1.3447040769230769,1.613139769230769,1.8940374615384614,2.1493445384615386,2.541596076923077,1.4545851307692306,0.40563036538461539,6.5467903076923086,10.620838153846154,0.55047433846153837,0.58653411923076915,5.542589461538463,652.65330000000006,2.4714813692307689,1.7633956230769232,0.01013196526470588,0.0040809683647058817,0.77275181538461524,102.01384769230769,100.62093923076925,98.760571538461534,96.537476153846157,93.969311538461554,91.127816923076935,88.051628461538456,84.751761538461551,81.223093846153859,77.423257692307686,73.333608461538461,68.990043846153853,64.451753076923083,59.787447692307687,55.052143846153854,50.28319230769231,45.528908461538464,40.826585307692305,36.154518461538466,31.429367538461538,26.543820153846152,21.426993769230769,16.086062676923078,10.595731707692305,5.0501266307692321,-0.48749046153846121,-5.9734933384615383,-11.342541153846152,-16.543444615384615,-21.581712076923072,-26.484783999999998,-31.286596307692303,-36.029733846153846,-40.722385492307694,-45.334099261538469,-49.826707076923071,-54.135876461538473,-58.161795384615374,-61.803387769230767,-64.995636307692322,-67.746999153846147,-70.118585230769227,-72.143146923076927,-73.82123076923078,-75.176316923076911,-76.236162307692311,-76.986676153846162,-77.386179999999996,10.615276692307692,-0.18578789584615382,-1566.1477523076921,0.045307832529411771,0
0.038005484704545449,0.22015826111111109,0.53098214444444447,0.75602996666666666,1.0891984944444444,1.3370616111111113,1.6166359444444449,1.9049556666666665,2.1400431666666666,2.5355668888888889,10.575432111111112,-0.021375410555555571,-1012.2199238888887,688.56445000000019,2.2054147,-4.2399024166666681,1.1913004833333334,0.34232188888888898,5.2887325500000006,10.532128333333336,0.43735805944444439,0.4678797388888889,4.405620988888888,0.5718976205555556,0.97580421111111115,0.71789114444444457,0.0087157423136363637,0.0040960176954545451,77.453067333333337,76.28464394444444,74.809201111111108,73.106132555555561,71.164220744444449,69.029515261111115,66.724121472222222,64.266138338888894,61.657827988888862,58.851801611111128,55.826465055555552,52.605952022222219,49.22838202222222,45.755546405555556,42.240658650000007,38.709469205555564,35.198312600000001,31.732672950000008,28.286281799999998,24.794954561111112,21.177979755555555,17.373137038888892,13.379204683333333,9.2535100444444467,5.07443475,0.89973797777777775,-3.2345743722222227,-7.2813509111111108,-11.201900633333333,-14.999410316666667,-18.69455253333334,-22.313448355555554,-25.886481844444443,-29.416978594444444,-32.889322405555546,-36.287495472222218,-39.561681388888886,-42.62296491666666,-45.380387800000001,-47.779137061111122,-49.845088881111103,-51.65414718333335,-53.2317980611111,-54.555304716666654,-55.629661100555559,-56.481097704999996,-57.109769294444455,-57.486480881666665,0
0.0087317413333333344,0.00455355955,703.65260000000001,2.5009892000000002,2.5365796000000005,10.660939600000001,-0.041636859999999991,-3291.5381199999997,0.18824968,0.47184714000000005,0.74197224000000006,1.1521888,1.3527895999999999,1.6042212,1.9425370000000002,2.2449686,2.6761963999999998,42.089712000000006,41.650432000000009,41.040433999999998,40.292441999999994,39.40314,38.391441999999998,37.296478,36.145572000000001,34.933769999999996,33.645167999999998,32.285162,30.869026000000002,29.401031999999997,27.880598000000003,26.304739399999999,24.663243600000001,22.944916399999997,21.1427142,19.251581199999997,17.266498200000001,15.1869122,13.026460600000002,10.809437000000001,8.5561638000000002,6.2845786000000006,4.0189642599999997,1.7842392100000002,-0.40237075999999999,-2.5320916599999999,-4.600916419999999,-6.6050622000000008,-8.5432371999999983,-10.418915800000001,-12.232648399999999,-13.978715200000002,-15.651418400000001,-17.2467702,-18.759672999999999,-20.183543999999998,-21.5121176,-22.742707200000002,-23.876482199999998,-24.914873999999998,-25.856732000000001,-26.695517599999999,-27.421547800000003,-28.032383599999996,-28.535651000000001,0.035639444166666673,0.78771520000000006,0.91474007999999996,0.35344277599999996,3.6439977999999997,9.9914059999999996,0.28176400000000001,0.32444464000000001,2.8152186000000001,0.48204863519999996,1.4066869199999998,1
0.58687954444444435,0.23336028777777773,2.3379186444444446,10.757031333333332,0.18074624822222224,0.20693725300000002,1.8149296733333331,0.0057760974636363628,0.0034916168818181813,11.672182666666666,-0.22266892944444441,-776.30548333333331,0.03341120426363637,0.73586043681111102,0.90982420000000019,0.69278244444444459,687.91194444444454,2.2950141777777775,-8.7077791111111118,0.2406692444444444,0.58762221111111124,0.7994019,1.1341676666666667,1.3424044444444445,1.6086710000000002,1.9015579999999999,2.1599478888888886,2.5440135555555559,24.695811877777782,24.161204055555558,23.616090277777779,23.167991555555556,22.786324233333332,22.376263677777779,21.835909522222224,21.134605188888887,20.296919422222221,19.389019655555554,18.509349322222217,17.69424294444444,16.907256466666663,16.106109477777782,15.233064633333335,14.241439366666665,13.156012722222222,12.030729744444445,10.89998051111111,9.7732940999999993,8.6228259888888896,7.4136036000000018,6.1392131222222215,4.8124357888888882,3.4681195333333328,2.1499350444444447,0.87491019999999997,-0.35644516666666676,-1.5497579222222224,-2.722841166666667,-3.8823734055555557,-5.0157986533333325,-6.1038226811111116,-7.1251600699999988,-8.079860917544444,-8.9931274255555547,-9.8851851655555567,-10.763063054444446,-11.60962008111111,-12.379324572222222,-13.045946548888885,-13.623281505555553,-14.138526755555556,-14.622048195555557,-15.086798320000002,-15.511727537111113,-15.869632899999999,-16.140397892222222,1
638.7497461538461,2.5430853384615384,-3.671856599999999,11.977884692307695,-0.17879709284615386,-630.93280076923088,0.01748298147058824,0.71296515861538456,0.89526218230769239,0.56355191538461546,0.24209650923076925,2.2449890846153844,10.536361999999999,0.16387379120000001,0.18990220684615386,1.643009599,22.076329823076929,21.65699811538461,21.207020915384614,20.802437223076922,20.423830969230774,20.008058930769231,19.485041376923075,18.835466507692306,18.079160292307691,17.262103069230768,16.45208396923077,15.675261230769234,14.908245899999999,14.124648515384614,13.287120946153843,12.364590838461536,11.375132238461539,10.356789361538461,9.3341085153846173,8.3153235923076938,7.2828765692307691,6.2144689923076912,5.1082025923076921,3.973998330769231,2.8356038769230776,1.7237221153846154,0.65076711307692325,-0.38283229999999996,-1.380356823076923,-2.3539737307692308,-3.3091019353846156,-4.2369531338461535,-5.123557475384616,-5.9545714776923075,-6.730658082307694,-7.4696602530769232,-8.1862965846153841,-8.8857819392307675,-9.5555937999999987,-10.163220991538461,-10.689900543076924,-11.145050956153845,-11.547643092307693,-11.919111596153849,-12.269315789384617,-12.584695526538459,-12.847167368461538,-13.043649057692308,0.21330789999999997,0.55373343846153855,0.78809700000000005,1.1221863846153846,1.3429718461538462,1.6438536923076927,1.9183625384615384,2.1648843076923083,2.5828466153846152,0.73401287692307693,0.0053611411411764696,0.002736509105882353,1
17.819333703333335,17.452919995555551,17.079267138333336,16.765655226111114,16.480609082222223,16.160624172222221,15.747472808333336,15.226922193888889,14.617573623333335,13.963007094999996,13.323047370555555,12.715188290555556,12.111583427222222,11.486653535555554,10.813626333333334,10.073354046666667,9.2842553794444438,8.4776603200000018,7.671159723333334,6.8669950494444452,6.0464658800000022,5.1909246972222238,4.3038427094444431,3.3992494050000004,2.4965219227777768,1.6142377261111112,0.75683497888888895,-0.074497408888888908,-0.87859206611111107,-1.6644106222222226,-2.4367558566666672,-3.1871706216666666,-3.9039300455555557,-4.5774050404999986,-5.2100496638888893,-5.8170279494444443,-6.4088549305555542,-6.9859793544444448,-7.5359914250000015,-8.0338956361111116,-8.4664883605555552,-8.8428647805555549,-9.1797735738888875,-9.49398799388889,-9.7901997975555535,-10.054044468777777,-10.270632021388888,-10.433050599777779,0.69848896111111114,11.655764277777777,0.014286085555555569,-935.73327000000006,0.2249510388888889,0.57303792777777796,0.80250044444444457,1.1042546666666666,1.3243266666666667,1.6060728333333334,1.867976444444444,2.1074437777777777,2.5119530555555563,0.49588912222222231,0.21581700277777777,1.9754450555555556,10.840771111111113,0.15007012215722226,0.17023962161111111,1.5056750804500005,0.020233152181818179,0.0049202185727272724,0.0025895243090909088,682.5014666666666,2.3206555999999998,-5.0031973722222221,0.73288292866666682,0.86421804722222229,1
0.026997881833333324,0.23169065,0.57472648636363621,0.82731005000000013,1.133783018181818,1.3474983636363638,1.6338301363636363,1.9057383636363634,2.1682073181818184,2.5800794545454546,0.0051397936629629642,0.0025984932296296299,0.69056408172727279,0.81906531772727287,0.49962402136363637,0.21018281772727274,1.9903234045454548,11.02206390909091,0.15320045829999998,0.16936065059090907,1.5800053007727277,18.66202955,18.308907340909091,17.951060781818182,17.639140640909094,17.33459280909091,16.987147622727274,16.556736204545452,16.036882340909091,15.441964659090905,14.802137995454546,14.165480692727272,13.549916886363638,12.933245559090913,12.292897777272726,11.605446800000001,10.85420494090909,10.05728824090909,9.2462462045454554,8.4369242136363631,7.6269150909090904,6.7975929772727275,5.9356940909090916,5.0475711454545449,4.1436094045454546,3.2350886681818185,2.3356794299999999,1.4531326154545454,0.59370859272727272,-0.24095665681818187,-1.0608475404545452,-1.8696841731818177,-2.6570259854545455,-3.411445583181818,-4.1269438071818181,-4.8091339054545452,-5.472570600000001,-6.1249899777272727,-6.7648362668181798,-7.3804702877272739,-7.9494438049999978,-8.4590236727272732,-8.9161258418181824,-9.333912854090908,-9.7238621181818186,-10.087323716409093,-10.412625486318182,-10.689460035909091,-10.912585611363635,0.65024737727272719,719.43069090909091,2.1442599272727274,-5.5000069590909098,11.837036045454544,-0.059164956272727262,-709.09242727272749,1
0.22856132692307693,0.57322974615384625,0.82672973076923095,1.1345472307692308,1.3561671923076923,1.6291011538461537,1.8815983461538464,2.1331676153846155,2.5378134999999995,0.021641587827272719,0.62786171923076917,11.772832846153845,0.005379527692307688,-592.61900807692302,0.0048566334060606061,0.0024961940212121217,743.62538461538486,2.0519512115384613,-5.4492793115384615,17.237386415384616,16.92310014615385,16.605283680769229,16.323636834615382,16.04142885769231,15.718918300000002,15.324688907692309,14.851557496153843,14.309615926923074,13.724975569230772,13.14053621769231,12.572066773076925,11.999738338461542,11.404482919230771,10.766881673076922,10.072173715384615,9.3359124153846178,8.5862751807692312,7.8371267961538456,7.0858099192307682,6.3166967807692336,5.5196495153846152,4.7005954499999998,3.8675690269230767,3.0293594230769227,2.1980268742307687,1.3809812057692308,0.58369933807692298,-0.19218037961538451,-0.95407504230769247,-1.7044555892307689,-2.4352552046153848,-3.1375916303846152,-3.8056366349615383,-4.4433417749999995,-5.0635439826923072,-5.6729584773076933,-6.2693040823076922,-6.8424560269230756,-7.3741593665384642,-7.8536314480769231,-8.2857475926923065,-8.6813604934615398,-9.0509717365384592,-9.3960235567307713,-9.7058539613076924,-9.971249086153847,-10.187950235384616,0.6911372296153846,0.80209980307692297,0.49315030807692312,0.20038730576923078,1.9645344884615388,10.856046923076924,0.14983737050384616,0.16538988823076922,1.5398483935769234,1
0.23492617096774193,0.55388653225806461,0.80341601290322606,1.1220125064516127,1.3483409032258065,1.6074805806451611,1.8729669032258067,2.0823723870967741,2.4901667741935487,0.0044232079131578932,0.002245311163157895,11.649966032258067,0.015991457741935482,-581.85486709677423,738.40871612903231,2.058086193548387,-4.8098612516129036,14.909752873225806,14.636335383548387,14.356227531612904,14.102905981935484,13.846446272580641,13.555872142258067,13.205728404516131,12.789632645806451,12.316334296451615,11.807707309354836,11.298586451612902,10.801632048064517,10.300893708709678,9.7806757500000003,9.2244664699999959,8.6206037522580665,7.9830841467741935,7.3352481516129036,6.6883309080645157,6.0404435664516152,5.3780912848387112,4.6917043467741957,3.9860978406451606,3.2682499999999992,2.5451063938709675,1.8266581290322581,1.1198672316129032,0.42984124870967733,-0.24203642870967731,-0.90159831870967699,-1.5503753438709682,-2.1817133009677412,-2.7883477851612914,-3.3651540011290324,-3.9157871061290317,-4.4519384080645157,-4.979261203225807,-5.495065912580646,-5.9905283567741945,-6.4501223841935476,-6.8640984093548392,-7.2359818090322587,-7.5747112451612892,-7.8888511722580645,-8.1795298647741905,-8.4383671812903227,-8.6583605035483888,-8.8362395796774198,0.44602836258064515,0.18102654451612898,1.7768176645161289,10.806194774193548,0.1339219509677419,0.1482990308064516,1.3754085835483874,0.024026971131578943,0.64851625161290327,0.58075895258064503,0.83194619677419346,1
0.12765572,0.56566894000000001,0.89211726000000002,1.2431532000000001,1.4637838000000003,1.7021182000000004,1.8987216,2.1448854000000002,2.6051385999999996,0.57269456000000007,0.0054150062333333327,0.0021285330000000002,774.56349999999998,2.5150034000000003,3.7129871600000008,62.539883999999994,61.98852999999999,61.402057999999997,60.59216,59.444554000000004,58.120802000000005,56.67383199999999,55.015025999999999,53.147494000000009,51.138578000000003,49.014146000000004,46.772109999999998,44.412770000000002,41.946664000000006,39.396533999999996,36.789273999999992,34.133738000000001,31.425971999999994,28.695984600000003,25.982128999999997,23.263058399999998,20.516367000000002,17.7789672,15.070297759999999,12.37146272,9.6893934000000002,7.0396084000000005,4.4221063999999997,1.8477878000000001,-0.67911030000000017,-3.1670352000000008,-5.601143200000001,-7.9670721399999991,-10.2807096,-12.5464228,-14.741465,-16.855466,-18.891254,-20.834433999999998,-22.667794000000001,-24.398412,-26.028841999999997,-27.533674000000001,-28.901928000000005,-30.150077999999997,-31.275545999999999,-32.261130000000001,-33.112347999999997,0.75956561999999994,0.14122277599999999,1.138654396,0.40895933399999995,4.9960890600000001,11.636541599999999,0.32302023000000002,0.36457126000000001,3.2894481200000003,10.346971,-0.49103131,-1129.2288599999999,0.069427489666666661,0
1.0298042877777778,0.3386559555555555,4.3604643222222226,10.929296888888889,0.28268329666666669,0.32667950888888891,2.8560695444444453,807.41478888888889,2.2191351000000004,-0.45837120000000042,0.0065822533636363638,0.0024330766727272721,0.14385524222222223,0.5624677555555555,0.85629953333333342,1.1835996666666668,1.432917666666667,1.6606996666666669,1.8817597777777779,2.0639595555555554,2.3870666666666667,55.133354222222223,54.597688222222224,54.050077333333341,53.329068444444445,52.348517999999999,51.252202222222223,50.040322555555562,48.611946888888887,46.992419111111111,45.241272222222221,43.361800111111108,41.355261444444452,39.238651888888896,37.040365111111115,34.784514111111108,32.463482333333332,30.067151111111102,27.611683777777777,25.112853000000001,22.577099333333329,20.022060333333332,17.469754888888886,14.923987888888888,12.377914666666667,9.8343350333333337,7.2965315555555561,4.7628690333333337,2.2482826522222221,-0.22537076666666669,-2.6550510777777778,-5.0395158888888894,-7.3679421111111099,-9.638042022222221,-11.855183533333333,-14.022787281111114,-16.134775211111108,-18.167726599999998,-20.104625744444448,-21.948154788888889,-23.688693444444446,-25.308585000000001,-26.81216088888889,-28.203156666666665,-29.472070888888894,-30.623866000000003,-31.664983555555562,-32.578356333333332,-33.349349333333336,0.72142394444444435,0.28322701777777781,11.408931666666668,-0.21728473555555552,-1218.8343788888888,0.57471896666666666,0.019952947636363638,0
0.55279612307692294,11.404887307692308,-0.23262426846153844,-1827.0893315384621,0.16578855461538461,0.5828961076923076,0.83509759230769243,1.1878763076923078,1.4212595384615381,1.6863885384615382,1.8919568461538459,2.1345247692307692,2.441158076923077,47.554733461538454,47.090635076923071,46.615125999999997,45.999665,45.189016999999993,44.289654076923071,43.281201769230762,42.100001769230779,40.779393461538461,39.353028769230775,37.826450461538457,36.204009153846158,34.484614692307701,32.691055923076924,30.846480769230769,28.93738815384615,26.962141384615379,24.942724769230772,22.885855615384614,20.795463769230771,18.686844307692308,16.57036307692308,14.447594615384613,12.316549461538463,10.178462269230769,8.0384004307692276,5.9017867538461539,3.7837993692307688,1.7023864538461539,-0.33987570692307756,-2.3420593846153848,-4.2954241538461542,-6.1976745384615395,-8.053336046153845,-9.8676928538461546,-11.63832976307692,-13.34718309230769,-14.980612846153843,-16.53617775384615,-18.000850584615385,-19.364542292307696,-20.635203138461542,-21.812292846153845,-22.887624076923071,-23.866907153846153,-24.753384999999994,-25.537870846153847,-26.216728846153849,0.025094426588235293,791.78079230769242,2.1222526076923076,-0.75700866923076937,0.96357044000000003,0.34791956923076928,4.0187263153846153,11.08131723076923,0.21356529384615389,0.25627012230769231,2.1543504461538459,0.0058475865529411756,0.0024060461058823535,0.8479374807692307,0.57739237076923078,0
0.36652336000000002,0.10018646000000002,81.500361999999996,78.841197999999991,77.028908000000001,75.531716000000003,73.579887999999997,71.233770000000007,68.211113999999995,64.357420000000005,60.199064,56.223004000000003,52.551033999999994,49.089805999999996,45.681220000000003,42.211956000000001,38.556916000000001,34.763897999999998,31.108150000000002,27.663436000000001,24.365027999999999,21.272364,18.235396600000001,14.931671,11.349148,7.6962650000000012,4.1124470000000004,0.63211719999999938,-2.8354137999999995,-6.4151892000000004,-10.141579199999999,-13.959862000000001,-17.768310800000002,-21.539244200000002,-25.308593200000001,-29.012766160000002,-32.589347459999999,-36.066204399999997,-39.378716000000004,-42.395436000000004,-45.092251399999995,-47.520092599999998,-49.680381400000002,-51.433331999999993,-52.646884,-53.419755999999992,-53.867345999999998,-53.961304000000005,-53.753930000000004,-53.27694799999999,0.016567107000000001,0.0044832073333333335,10.2045174,-0.31962327400000007,-2732.4125800000002,0.027704873733333333,807.96579999999994,2.1894857600000002,-4.4655906000000005,1.1958993800000002,0.51518868800000006,5.3516664,9.9914059999999996,0.37980417999999994,0.42488705999999998,3.7947775999999998,0.17618287999999999,0.56930318000000002,0.90595290000000017,1.149899,1.4487402,1.6644364,1.8659528000000001,2.0977106000000001,2.4014727999999996,0.50994644,1
10.663464333333335,-0.16713520444444441,-1584.1767322222224,744.93644444444431,2.428372077777778,-0.61897955555555562,0.59419818888888887,0.19222070000000002,0.56095253333333328,0.81785164444444436,1.1554802222222222,1.4525488888888889,1.6690885555555555,1.882155,2.1339746666666666,2.5140995555555556,79.444157777777775,77.416960000000003,75.894840000000002,74.528298888888884,72.809489999999983,70.82562333333334,68.399364444444444,65.401225555555541,62.188925555555542,59.098279999999995,56.164627777777774,53.280768888888893,50.359876666666672,47.345999999999997,44.129016666666658,40.723692222222226,37.336538888888889,34.04976111111111,30.844855555555554,27.765073333333333,24.690372555555555,21.390210555555555,17.859559555555553,14.256623411111113,10.715920777777777,7.3023709999999999,3.9633862222222223,0.59914322222222205,-2.8291988212222225,-6.2941554444444421,-9.7267686666666684,-13.107308999999997,-16.478956722222225,-19.833350055555556,-23.150087177777781,-26.442713566666662,-29.645800922222218,-32.640302999999996,-35.368411777777773,-37.832269000000004,-40.044708222222226,-41.946830111111105,-43.455777777777783,-44.627217777777773,-45.550621111111113,-46.219774444444447,-46.664969999999997,-46.917322222222225,1.2456995666666666,0.48565154666666666,5.2915472222222233,9.9914059999999996,0.36982145555555551,0.41358858888888889,3.6950363333333325,0.038091493363636368,0.012029464363636362,0.0038853448181818181,0.46575839999999996,0.64149634444444437,1
57.116461861538454,55.664988576923079,54.554045576923073,53.525107107692307,52.230145688461533,50.747101620769222,48.949347633076925,46.744674806923086,44.39006959461539,42.118272088461531,39.951430767692308,37.820538945384619,35.66911454769231,33.458461739230771,31.112041248461541,28.640178795384617,26.18583446692308,23.804086252307687,21.481674200000004,19.24803356923077,17.01558240153846,14.625350542307693,12.078222468461536,9.4793640238461521,6.9196961100000003,4.4504381330769229,2.0343794038461542,-0.40010178538461544,-2.8746998961538455,-5.3704871130769236,-7.8419137168461539,-10.269280993846158,-12.680349939230767,-15.071074841307693,-17.42191432723077,-19.738865955384618,-21.978393046923074,-24.05480038692307,-25.925299196153841,-27.596023687692306,-29.079496216923079,-30.333047758461536,-31.298883949230767,-32.02170825769231,-32.568942713076915,-32.933826765384616,-33.136823065384618,-33.206174240769236,0.59820179999999989,11.132558769230769,-0.19737353615384617,-1486.4888761538459,0.20369694615384615,0.54349094615384619,0.8226183461538461,1.1608994615384618,1.4598882307692307,1.6829264615384618,1.9050096153846154,2.1483090769230766,2.5764083846153842,0.009453778999999999,0.0028526824117647061,0.35395108461538466,0.58453479230769223,743.61947692307695,2.3918275769230766,-0.32748232307692271,0.90184596153846164,0.35573530923076918,3.8220494615384619,10.518141230769229,0.26532076707692304,0.29671247607692303,2.6679056584615379,0.034829530635294113,1
0.033694178806363634,58.911845866666653,57.486663694444438,56.336220461111111,55.233862216666658,53.87515458,52.362419751111105,50.588372534444453,48.431139293333331,46.081391059999994,43.743564706666668,41.476792142222223,39.277249342222213,37.125914117777782,34.985541386111109,32.759160055000002,30.395820586666659,27.974098537777774,25.558604781666663,23.183627611666669,20.900570727777776,18.644652484999998,16.283735209444448,13.797695433333335,11.222597993333332,8.5959311249999999,5.9878822016666673,3.4325389644444444,0.91237769444444461,-1.5810260188888892,-4.0476719288888896,-6.4819319207222215,-8.8851406361111103,-11.275623499444444,-13.636124648111112,-15.920156945066664,-18.099405451944445,-20.135032647777777,-21.973563379999998,-23.594096158888881,-25.020023289444445,-26.283602983888883,-27.35720360777778,-28.175957013333335,-28.748784513888886,-29.129327891666669,-29.340776655555558,-29.421467954444452,-29.406061915555554,764.30504444444443,2.3102847594444444,-0.69298351666666669,11.094592611111114,-0.20093671388888892,-711.63265888888907,0.39442026666666663,0.65939393888888898,0.010397365681818182,0.0029364784500000001,0.21054874444444438,0.54488341111111105,0.81906827222222223,1.1670064444444446,1.4577376666666673,1.6823561111111112,1.8981326666666665,2.1202963333333336,2.573102722222222,1.0181137516666667,0.41699249888888895,4.0558011611111109,10.535717444444446,0.23603681827777778,0.27533653944444442,2.3817994522222228,0.59086725555555542,1
1.7022506400000001,0.81344594000000003,6.7811574000000006,10.486668399999999,0.19322492399999999,0.28852085,1.9415211400000001,0.0031992787000000001,0.0014616656333333335,220.49143199999997,220.46718600000003,220.443952,220.41926800000002,220.39234200000001,220.36568200000002,220.33919399999999,220.31080199999997,220.28119799999999,220.25272200000001,220.22436999999999,220.19381400000003,220.16257800000002,220.13246600000002,220.10167999999999,220.06903400000002,220.036742,220.00507000000002,219.97174600000002,219.93682800000002,219.90283999999997,219.86942599999998,219.83444399999999,219.79883799999999,219.76462000000001,219.7303,219.694366,219.65877600000005,219.62470000000002,219.589788,219.55345800000001,219.51805999999996,219.48363400000002,219.44778200000002,219.411136,219.37578400000001,219.34049599999997,219.303436,219.26635199999996,219.23081000000002,219.19499999999999,219.157996,219.12205,219.08755000000002,219.05204800000001,219.01579599999999,218.98119400000002,218.94777599999998,0.073643492599999999,689.13444000000004,4.3444627999999996,21.8226856,0.61765956000000011,0.57464624000000009,11.874088,-0.21341109799999999,-307.03869999999995,0.28142301999999997,0.62106680000000003,0.94263136000000003,1.2562131999999999,1.5930761999999998,1.8354066,2.1720581999999999,2.494453,2.8213802000000006,0.12641906,0
0.51153348888888894,1.431729488888889,0.71192069999999985,5.7034981111111112,10.587157777777776,0.23510583333333335,0.31186495222222216,2.3876592444444444,0.087009781454545465,562.64261111111114,4.2128847777777771,20.475981333333337,0.47750888888888887,0.84060422222222231,152.59149444444444,152.35037666666665,151.9888233333333,151.52661555555554,150.98195888888887,150.37351666666669,149.71470333333335,149.01336444444442,148.2746822222222,147.5015611111111,146.69176888888887,145.83905888888887,144.93854222222222,143.98441555555559,142.9679011111111,141.8869822222222,140.75209333333331,139.57976444444444,138.38719666666668,137.1899277777778,135.99676777777776,134.80735666666669,133.61870111111111,132.4331588888889,131.25524811111114,130.08599266666667,128.92800544444447,127.79000233333331,126.68037177777781,125.60383677777776,124.56891224444442,123.59045652222221,122.6819797777778,121.85108344444444,121.10058111111113,120.42520255555552,119.80909777777778,119.23478788888889,118.69219744444442,118.17702455555559,117.6870698888889,117.22614166666669,116.80566988888891,116.43755811111116,116.13089433333332,115.89760522222218,115.75191544444448,115.70322044444444,12.343922222222224,-0.13989517888888892,-252.24742222222221,0.21601340000000002,0.52081396666666668,0.79737651111111107,1.1627998555555557,1.4902651111111114,1.7550797777777776,2.0834073333333332,2.4049488888888888,2.7566228888888888,0.0058366487636363632,0.0022125016363636362,0
581.16238461538455,3.7420644538461536,15.732076538461534,0.066665647882352963,0.55847145307692303,0.21852663076923073,0.52988389230769228,0.79968525384615385,1.1577873153846154,1.4461569230769231,1.7286038461538464,2.0373484615384618,2.3550800000000005,2.7391845384615383,12.358850769230768,-0.086569058461538451,-248.06822307692312,0.50930080846153847,0.85320065384615384,1.2368300000000001,0.61098426923076932,4.9270886923076924,10.617525999999998,0.21612491384615387,0.28043245615384615,2.2006497307692312,0.0067858844588235294,0.0025094300647058826,113.85021615384615,113.57251230769232,113.20147692307692,112.76631,112.26612846153844,111.70242076923076,111.08467384615386,110.42596384615385,109.7366976923077,109.01675923076922,108.25593076923077,107.44623538461539,106.59097461538461,105.6958830769231,104.75849923076923,103.77207846153846,102.73342153846154,101.64822307692306,100.53443307692307,99.415021538461517,98.302840615384639,97.195043076923085,96.084072923076917,94.969059461538464,93.852975692307709,92.737703461538459,91.628337384615378,90.533527923076917,89.459129307692308,88.410094307692304,87.397952650769199,86.437623384615392,85.539080030769227,84.708517869230747,83.950321007692295,83.258936207692329,82.616144076923078,82.005763961538449,81.424918538461554,80.874431192307682,80.347090584615415,79.837354076923049,79.355623384615384,78.921303146153832,78.550285207692326,78.25524751538461,78.045200476923085,77.921612846153849,0
0.064777030181818199,0.21886256111111113,0.51266665555555546,0.81306693888888903,1.1440743000000002,1.4220141666666666,1.7057601666666662,2.0165565000000005,2.3422839999999998,2.7383860000000002,0.60929474944444439,1.0882470888888887,0.55143761666666657,4.335187277777778,10.742675555555557,0.1784740038888889,0.23383081111111112,1.8285206611111116,605.13447777777776,3.3764660388888883,12.132666444444446,0.0064582181636363622,0.0021482381181818183,87.095265666666663,86.851864777777777,86.525767055555562,86.142372722222234,85.700753277777778,85.203395555555531,84.661559055555571,84.090218499999978,83.501093888888875,82.89625877777776,82.268279555555551,81.610155666666671,80.923997388888878,80.213682277777778,79.474831666666631,78.698796388888908,77.879590555555552,77.017410611111103,76.122960888888912,75.213798388888861,74.300465166666655,73.379183277777756,72.441461388888868,71.486844388888883,70.520669611111117,69.547151444444495,68.572566166666661,67.60732533333335,66.659702333333314,65.735688277777783,64.845734205555559,64.002848999999998,63.215215655555554,62.487517461111139,61.823371111111101,61.217660666666688,60.653311222222214,60.114394683333344,59.59705585833332,59.101144322222225,58.619140199999983,58.144621711111114,57.685756394444446,57.258960033333352,56.877131727777751,56.550568961111125,56.287167194444443,56.088728115555561,12.292680444444445,-0.069578453833333331,-237.52486111111114,0.48912491222222226,0.95162369444444428,0
1.0019868909090912,0.51117848181818182,3.9915579090909095,10.847840818181819,0.16756682090909092,0.21874450363636361,1.7132772136363634,0.0059676057407407395,0.0020771980925925926,0.63194793772727276,12.315446363636363,-0.052102564200454553,-234.34849090909086,621.72195454545454,3.2631425272727275,10.975851227272727,0.2234181409090909,0.50945869090909079,0.80286075454545447,1.1318521363636365,1.4091526818181817,1.6751116363636362,1.9721279545454549,2.280004454545455,2.671597863636364,0.059134589629629621,74.450773545454538,74.219526727272722,73.912803227272718,73.554563090909099,73.142922909090927,72.679690272727271,72.174087909090929,71.637684136363646,71.079246999999995,70.500652863636347,69.896832818181807,69.262489409090918,68.600268045454527,67.915382500000007,67.205392500000016,66.462708636363629,65.680697590909091,64.857448590909087,64.001649954545456,63.130203545454535,62.254422636363643,61.372040772727289,60.475197818181819,59.562423818181827,58.638298636363658,57.707036363636348,56.774597136363631,55.850784636363663,54.943379590909096,54.057523763636389,53.202482072727271,52.390271823181777,51.628253209090914,50.920167904090931,50.26957837727273,49.673314045454553,49.117205272727261,48.587649727272719,48.082174530000017,47.601195781818177,47.13702480000002,46.68289708181819,46.246312740909097,45.842688568181806,45.483964331818157,45.17959224545455,44.936646459090916,44.75614842727272,0.56610660090909093,1.0446732818181816,0
1.6589535000000002,0.77194578000000003,7.261514,9.9914059999999996,0.18186905599999997,0.27547193199999997,1.81712764,0.018989796400000002,0.30090357999999995,0.63445992000000007,0.94635080000000005,1.2673524,1.5838466,1.8617789999999999,2.1799812000000003,2.4986424,2.8232401999999999,747.06392000000005,4.0623050000000003,19.190104600000002,0.90309891999999992,0.64473950000000013,0.13045501166666668,205.89981200000003,205.87966999999998,205.86052600000002,205.84087199999999,205.82045000000002,205.800138,205.77985800000002,205.75896200000003,205.73752599999997,205.71638399999998,205.69536199999999,205.67351600000001,205.65142399999999,205.62980399999998,205.60783799999999,205.58505999999997,205.56248599999998,205.54030800000001,205.51757000000003,205.49434600000001,205.47145399999999,205.44877400000001,205.42544600000002,205.40189000000001,205.37880000000001,205.35559400000002,205.33172600000003,205.30786400000002,205.28455399999999,205.260964,205.23679799999999,205.21301800000001,205.18970800000002,205.16589800000003,205.14174200000002,205.11821399999999,205.094866,205.07087999999999,205.04686999999998,205.02355600000001,205.00014400000001,204.976224,204.95276600000003,204.92979599999998,204.90650399999998,204.88287600000004,204.85971599999999,204.83693,0.0030560848666666665,0.0015128236833333332,11.964980000000001,-0.198497126,-308.89068000000003,0
0.0013617276545454546,0.00096794405454545462,12.268896666666667,-0.013545264444444446,-245.20955888888886,1.0883620222222221,0.78949930000000001,0.12345028766666667,122.5884991111111,122.57008188888891,122.55362188888888,122.5372492222222,122.52040477777776,122.50465755555557,122.49007544444446,122.47664944444448,122.46451711111111,122.45334944444446,122.44173166666666,122.42814411111112,122.41315555555551,122.39726699999999,122.37997866666666,122.3619621111111,122.34418466666671,122.32677733333334,122.30955844444446,122.29270277777775,122.27709200000001,122.26221844444441,122.24606633333335,122.22862422222222,122.21134733333335,122.19423711111111,122.17659433333334,122.15878233333332,122.14154044444442,122.12487200000002,122.10869744444446,122.09373555555557,122.07955488888888,122.06441811111114,122.04841577777779,122.03267355555555,122.01673944444445,122.00010900000001,121.98378899999999,121.96828933333333,121.95258944444446,121.93661888888892,121.92140755555556,121.90671833333333,121.89154588888888,121.87616022222223,121.86121944444443,121.84615455555556,1.1182801111111111,0.52916201111111105,4.8218570777777776,11.357568444444446,0.12339441666666667,0.18365879777777783,1.2750598777777777,0.080082280181818177,0.31941108888888892,0.61750582222222217,0.94073314444444434,1.2508915555555555,1.5487196666666665,1.8188190000000002,2.1237105555555553,2.4156528888888884,2.7411490000000001,745.62327777777784,3.4545459999999988,13.123576888888888,0
0.067778648294117644,672.33043076923082,3.5573409999999992,13.50327907692308,94.085347384615346,94.001784076923073,93.882956846153832,93.731904153846159,93.55265915384615,93.349167384615399,93.122065153846151,92.873180846153829,92.605791769230763,92.324417461538445,92.032741384615392,91.731552153846167,91.421960923076895,91.103845692307686,90.774202230769248,90.433262923076882,90.085148384615408,89.733508230769246,89.380797153846146,89.028483692307702,88.67702423076922,88.325901230769219,87.974389692307696,87.624795230769237,87.282295846153843,86.950794076923103,86.632184999999964,86.328161030769252,86.039162683846158,85.764279884615377,85.503848730769221,85.259262723076944,85.029493230769205,84.811596646153859,84.603708900769206,84.404420999999985,84.2119523230769,84.026109546153847,83.84927593846156,83.684130861538478,83.531793761538466,83.393808446153855,83.272635553846143,83.168769000000026,83.081535153846147,83.012114853846157,82.962139969230762,82.93152339230771,0.37126300900000003,12.087000230769231,-0.027998230769230765,-322.23186153846149,0.0032402651294117647,0.0014941484058823534,0.97541883846153854,0.77700252307692297,1.0657826076923078,0.48575493846153844,4.5027631153846155,11.261864923076924,0.11429540623076925,0.17039896076923078,1.1726682676923077,0.25192758461538461,0.56466603076923072,0.88638100000000009,1.1701961923076925,1.5168006153846154,1.7849092307692307,2.0916375384615384,2.3837824615384617,2.7301586923076924,0
71.777991216666663,71.614478416666685,71.448422972222247,71.309091322222216,71.175219172222214,71.009805700000015,70.795222683333321,70.545558288888913,70.276279749999986,69.989906538888903,69.690255799999989,69.388253594444436,69.096354372222251,68.809287944444421,68.498459283333347,68.146338588888852,67.768985694444439,67.394475961111127,67.033901138888893,66.67345675,66.29342067222224,65.892312127777771,65.486279416666704,65.094436605555543,64.726641777777758,64.376037061111106,64.028119894444416,63.676797861111112,63.325336744444456,62.981552800000003,62.657357533333325,62.361977822222215,62.092555605555553,61.83571255555556,61.576365441666681,61.306111983333345,61.030103144444446,60.765831433333332,60.529640805555559,60.322077264999976,60.129872150000011,59.943684349999998,59.767266450000001,59.608070872222214,59.468728666666671,59.3497052111111,59.251829155555555,59.174881138888878,1.1446126166666666,0.90169616111111095,706.51896666666664,3.0022038111111113,7.4896607222222222,11.829599166666664,0.037887444999999992,-309.12361611111112,0.43074779466666668,0.057005455200000006,0.0035526234363636349,0.0018780104363636362,0.26918941666666663,0.60369945000000003,0.88729407222222212,1.1570661888888887,1.4607446666666666,1.7269826111111111,2.0560334999999998,2.3258102777777783,2.6994910000000001,0.9275933277777777,0.40902265000000004,3.8826620333333342,11.040551555555558,0.1271457106111111,0.17486637944444441,1.297660846666667,0
686.55254090909091,3.0862604227272725,8.4727737090909088,0.0033106377444444435,0.0017419470925925926,0.85727022727272739,0.38372821954545455,3.5699660681818184,11.202159272727275,0.11854586363636366,0.1624631790909091,1.2142273318181815,0.46904910772727282,12.040586318181818,0.0012123102545454597,-305.40705590909096,0.23453040909090905,0.58954045454545456,0.87702270454545461,1.1551989409090908,1.466671090909091,1.7422053636363635,2.0609220454545447,2.3544863181818183,2.7181852272727269,61.01964981818184,60.877842181818167,60.73083022727274,60.602727227272723,60.476318681818164,60.321699545454528,60.124538181818188,59.896552863636366,59.650700681818151,59.389225909090904,59.115117409090907,58.837116318181806,58.565660772727249,58.296593681818173,58.006073272727285,57.679470590909062,57.329970045454544,56.980462181818183,56.63989172727274,56.29702622727271,55.936154590909084,55.556424727272706,55.171099318181831,54.795921136363624,54.439092499999987,54.095057818181822,53.752332227272738,53.406668163636361,53.060948831818159,52.72116717272727,52.396876081818171,52.09597907727273,51.816406145454522,51.547324813636372,51.276461857272743,50.996976872727267,50.712727964090909,50.437629504545455,50.18520534545457,49.956449041818175,49.740734608545452,49.53050901363634,49.329121445454533,49.142642363636348,48.973075104545458,48.820993754545448,48.68756527181818,48.572817750000013,1.1868943545454547,1.0121221272727272,0.048683450440740746,0
0.0029554185363636363,0.0017792892242424242,52.789962461538444,52.542160461538465,52.354969230769228,52.279520076923077,52.241064192307689,52.138654692307711,51.950909500000009,51.729136423076916,51.499704038461509,51.255207346153838,50.989923461538474,50.719342807692314,50.48696642307695,50.29708819230769,50.081908307692316,49.783061269230764,49.415358807692314,49.053009653846139,48.751555576923082,48.481333230769216,48.178950807692303,47.82660700000001,47.455426692307697,47.106261461538445,46.785088923076941,46.468908230769209,46.148785923076922,45.831004846153832,45.520927065384612,45.21714871538461,44.914771069230781,44.623440269230777,44.357041884615384,44.11136164615386,43.868496099999987,43.606856394230753,43.327317607692308,43.06015904230771,42.822963525384623,42.607991641153873,42.400487317692296,42.192413034615385,41.995869250000005,41.820126761538454,41.655052145384623,41.49734277692307,41.35213216653846,41.227051307692292,1.2824514884615383,1.0216628038461539,0.48020603603846151,12.161486807692309,-0.02509839500000002,-298.15978923076921,0.045462407381818171,714.89335769230797,2.839215142307693,5.9809714576923074,0.7854676346153846,0.35443223153846148,3.1290222961538459,11.029969153846155,0.11397807423076922,0.15339620076923077,1.1644963307692306,0.24927367307692302,0.59982952307692305,0.8766705153846156,1.1487027846153848,1.4397164999999996,1.7044135000000002,2.0037744230769232,2.2959382307692309,2.63825076923077,0
725.72785806451589,2.6294278483870972,3.2420018387096792,0.0030678210131578954,0.0018611281605263159,12.06167629032258,0.0078895741935483942,-288.98806258064513,0.49760144529032246,46.066820580645157,45.784392125806463,45.565357793548394,45.479043874193557,45.455165229032268,45.383506180645156,45.223842477419339,45.011865467741934,44.772076190322572,44.50625497741936,44.223917251612903,43.953307954838714,43.738575925806444,43.576047419354829,43.387026593548406,43.101189435483874,42.72841092903225,42.349533103225816,42.032774087096783,41.759098867741933,41.465683380645167,41.125452790322591,40.759733580645147,40.405280138709685,40.070311432258059,39.738217896774188,39.406427861290325,39.083861996774203,38.77311363870966,38.467560174193544,38.159074103225784,37.857292132258038,37.579449622580654,37.325025235483878,37.076244387096764,36.809393657096763,36.522479258064529,36.244422239677434,35.995999591870969,35.772661472580644,35.55922297677418,35.346637519354836,35.145821508709666,34.965029187096768,34.79369554516127,34.627155354838713,34.471497391612893,34.338632164516113,0.046667799315789481,0.74700236774193551,0.33433271290322575,2.9757904193548379,10.87496187096774,0.11005496096774196,0.14760340419354837,1.1220252096774193,1.3367540645161289,1.0134207387096774,0.2689000838709677,0.61970193548387098,0.8776929,1.1429984709677417,1.4248855806451612,1.7032279032258069,2.0105603225806457,2.3040552580645164,2.6517057419354839,0
0.87856919999999994,7.5043862000000008,7.4525102000000008,7.3730922000000003,7.267595,7.1355571999999992,6.9784527999999995,6.7994662000000003,6.6016301999999998,6.3862819999999996,6.1531585999999994,5.9022782000000005,5.6350852000000007,5.3536289999999997,5.0595398000000005,4.7542448000000004,4.4398472,4.118829400000001,3.7928123999999999,3.4626747999999998,3.1294612000000006,2.7941782000000002,2.4574506,2.1198445800000001,1.78193354,1.44439582,1.10842486,0.77549892000000009,0.44677047999999997,0.12316044000000001,-0.19417740399999991,-0.50395287179999992,-0.80521390000000004,-1.0973782400000001,-1.3797583759999998,-1.6512307799999999,-1.91030564,-2.1554443999999999,-2.3853254800000001,-2.59877658,-2.7946578000000004,-2.9720342,-3.1302909999999997,-3.2691015999999999,-3.3885598000000003,-3.4892688000000001,-3.572041,-3.6374582000000002,-3.6857730000000002,0.58403686399999999,0.64848568000000006,0.41292303599999991,0.17641193399999999,1.64493768,9.9914059999999996,0.061928102000000006,0.083574956000000006,0.61874878,0.12756956,0.45117814000000001,0.76947080000000001,1.1753898,1.3278548000000001,1.6448779999999998,1.922132,2.2300624,2.6442573999999999,0.0022148568333333336,0.00084447658333333339,0.0115966795,590.63311999999996,3.3359206000000001,9.5653684000000005,10.2766512,-0.55058726000000013,-7722.9180000000006,0
11.366291555555556,-0.032962552222222205,-7167.2408377777792,0.34184689555555559,0.16187687555555555,1.3617958777777777,10.343115333333332,0.042276273666666662,0.060382310222222228,0.42615509444444449,617.79520000000002,2.9975423333333335,6.4658482333333325,6.0893985622222226,6.0445577577777776,5.9759927266666661,5.884790333333334,5.7707343544444445,5.6356717377777779,5.4828809022222229,5.315143916666667,5.1336329633333326,4.938479775555555,4.7304046077777784,4.5109496688888884,4.2814805033333334,4.0428380844444449,3.7958726033333341,3.5420327399999998,3.2829109222222219,3.0192779677777777,2.7514648622222224,2.4801852466666667,2.2061642122222218,1.929844375555555,1.6517229133333331,1.3723094811111112,1.0921723444444447,0.81232098333333336,0.53401125588888887,0.25826265222222222,-0.014073703333333319,-0.28184793066666669,-0.54353203666666672,-0.79785105666666667,-1.0440780466666668,-1.2813318622222223,-1.5081299311111112,-1.7228697733333336,-1.9243048377777781,-2.1114884724444445,-2.2834342547777777,-2.4390455064444452,-2.5775837525555558,-2.698891009,-2.8030013328888881,-2.8900099175555556,-2.9603581934444447,-3.0148652405555554,-3.0544241755555559,-3.0796752071111109,0.16222953777777777,0.43649471111111116,0.77748663333333334,1.188952,1.3732041111111113,1.6632126666666667,1.9483487777777779,2.2481951111111109,2.709511,0.17617462666666664,0.73720852222222222,0.0025308917090909088,0.0007075666636363636,0.81776025555555565,0.0094354804454545443,0
0.31223112000000003,0.64947166000000001,0.83562535999999987,1.1886344000000002,1.4034087999999998,1.632369,1.8780640000000002,2.1057736,2.5087989999999998,0.67604170000000008,0.26138025200000004,0.011205450666666667,0.0076454018333333325,0.034332283166666665,855.02011999999991,1.68101582,-12.972126399999999,0.60025543999999997,0.23210030800000001,2.3912032000000001,10.4995888,0.26649152000000004,0.27538605999999999,2.7684447999999997,10.178272,-0.19038154000000004,-3131.7031719999995,20.284064800000003,18.974335,18.2689162,17.8663238,17.310927999999997,16.771410600000003,16.364268799999998,15.993834799999998,15.5238022,14.8400286,14.0111402,13.174538799999999,12.345779,11.4789104,10.5277268,9.5315130000000003,8.6016224000000001,7.7405236000000004,6.9308847999999994,6.257893000000001,5.7260233999999999,5.2145638000000005,4.5894677999999995,3.7680799999999999,2.8510131999999997,2.0203288499999998,1.2567012799999999,0.44762679999999994,-0.37250900000000003,-1.0894621599999998,-1.6827510000000001,-2.2795934400000002,-2.9709680399999998,-3.6606141079999999,-4.2922835619999997,-4.9453991999999998,-5.6119865999999998,-6.2496139199999998,-6.8921143800000007,-7.4953057999999997,-7.9747707999999999,-8.3415769999999974,-8.6311422000000011,-8.8818114000000001,-9.1202965999999996,-9.3073741999999999,-9.4398256000000025,-9.5584230000000012,0.48160100000000006,1
0.61841166666666658,0.0088456209090909087,0.0052487426636363636,22.998723444444447,22.196707777777775,21.698716888888889,21.34209111111111,20.875004333333333,20.397440111111113,19.981989555555558,19.580687555555556,19.118323333333329,18.526491888888888,17.837662999999999,17.12824088888889,16.410924777777776,15.660816888888888,14.848576666666666,13.995592111111113,13.169433666666666,12.376713777777779,11.607985555555556,10.908257444444445,10.278054777777777,9.6494353333333329,8.9478008888888869,8.1261628888888904,7.2384882222222222,6.3861781888888878,5.5622042444444446,4.7090343333333333,3.8495986666666671,3.0495588026666667,2.3216909999999999,1.5959735444444445,0.82092238888888858,0.048101699999999692,-0.69248887333333298,-1.4452241555555563,-2.2051629333333334,-2.9470197333333332,-3.6865152777777777,-4.3954315333333343,-5.0239291999999995,-5.5768571111111109,-6.0738884333333329,-6.5367600555555558,-6.9809298888888893,-7.3855812222222221,-7.7505282222222229,-8.1005226666666665,0.25341201111111111,0.56852004444444448,0.76434301111111114,1.1862376666666667,1.3804371111111111,1.6585177777777778,1.8846588888888887,2.1844167777777779,2.5640511111111111,0.63894865555555569,0.31319098222222219,2.5453430222222226,10.469921777777778,0.20906477555555558,0.22918298222222219,2.1542746888888886,733.96513333333337,2.0987016333333335,-5.7907224444444445,11.656180777777777,-0.16216465555555554,-1368.1778622222223,0.58141533333333328,0.77653020555555541,0.02510209472727273,1
24.555794307692306,23.832138615384618,23.326753999999998,22.942596461538457,22.483750461538463,22.010195461538462,21.559455538461535,21.082223076923075,20.51715084615385,19.813965230769231,19.007055384615381,18.175861692307691,17.354246307692303,16.536083846153847,15.691672153846156,14.811194,13.919187999999998,13.013992461538463,12.102685307692306,11.23913676923077,10.435820384615386,9.6445966923076902,8.810248923076923,7.8960026923076931,6.9311452307692312,5.974309530769232,5.0132261615384612,4.0163285846153851,3.0166412923076922,2.0678018276923074,1.1800029538461538,0.30730819230769235,-0.587572076923077,-1.4749808230769228,-2.338991113076923,-3.2143186269230761,-4.0963291384615381,-4.956250353846154,-5.7912958615384618,-6.5730113615384615,-7.2631136000000005,-7.869210923076924,-8.4157217461538458,-8.9249984384615395,-9.4080700000000004,-9.8490443076923082,-10.24547753846154,-10.609501538461538,0.032702278317647056,0.70393324538461544,0.6534524223076924,0.23567701538461538,0.60066114615384614,0.78560865384615375,1.1669655384615383,1.368847307692308,1.6458413846153843,1.8711803076923075,2.1606847692307691,2.5007766923076917,0.68755419230769221,0.32129320615384616,2.7389700000000001,10.330968461538463,0.21336348000000005,0.24063266769230765,2.1773775,0.60691796153846156,11.798972846153848,-0.18519936615384611,-647.35754615384633,734.78326923076918,2.0258189769230768,-5.349030255846154,0.0080506119999999987,0.0051723234764705873,1
11.896626000000001,-0.219918734,-313.99159999999995,766.18416000000002,3.587879,13.542400000000001,0.0034750259333333334,0.0016922121333333333,0.81033566000000001,0.55755940000000004,0.30208797999999998,0.63391374,0.96153005999999996,1.2685251999999998,1.5554745999999999,1.8608100000000001,2.1710782000000002,2.4983796000000003,2.8214731999999998,2.0663109,1.01945402,8.2314454000000001,10.267029600000001,0.29761996600000001,0.4132682419999999,3.0324465799999998,334.205262,334.17226599999998,334.14448999999996,334.11830400000002,334.08892200000003,334.05682000000002,334.02455599999996,333.99407200000002,333.964654,333.93358799999999,333.90004599999997,333.866332,333.83456399999994,333.80348599999996,333.77013399999998,333.73463800000002,333.70007800000002,333.66753,333.63463999999999,333.59972000000005,333.56408200000004,333.529338,333.49510399999997,333.46044799999999,333.42526800000002,333.38976400000001,333.35434199999997,333.31945400000001,333.28478200000001,333.24949200000003,333.21381400000001,333.17888400000004,333.14450199999999,333.10919999999999,333.07313400000004,333.03804400000001,333.00381600000003,332.96868599999999,332.93286799999998,332.89803799999999,332.86388599999998,332.82914199999993,332.79431599999998,332.76002,332.72575799999998,332.69153,332.65779400000002,332.62385599999999,0.0454684318,0.16107178666666663,0
0.10064604888888888,1.4221186666666665,0.69756331111111114,5.6652119999999995,10.498632222222222,0.17043161333333334,0.24806051888888886,1.7492937222222222,1.030323388888889,0.71733058888888879,0.001501011709090909,0.00076325028181818179,692.67931111111113,3.6043726666666669,13.923118777777781,200.54377588888889,200.52137066666666,200.50224822222222,200.48367977777778,200.462841,200.44048455555554,200.41785922222223,200.3957258888889,200.37385066666664,200.35105322222222,200.32670766666666,200.30168266666669,200.27752177777776,200.25390911111111,200.228804,200.20206055555556,200.1758811111111,200.15094022222218,200.12545922222228,200.0984277777778,200.07107444444446,200.04425488888884,200.01732566666669,199.99004577777777,199.96267800000001,199.93502355555555,199.90708855555556,199.87948422222223,199.85223244444444,199.8245224444444,199.79635999999996,199.76883044444446,199.74189800000002,199.7141771111111,199.68589188888888,199.65841544444442,199.63146266666666,199.60374933333335,199.57571822222224,199.54852544444446,199.52170055555555,199.49433077777772,199.46707966666668,199.44042666666667,199.41363077777774,199.38681255555551,199.36071055555556,199.33470777777777,0.28775598888888893,0.63793254444444436,0.947483488888889,1.2544974444444443,1.5618516666666666,1.8413734444444445,2.1425617777777775,2.4664333333333333,2.8112704444444443,0.097378819999999991,12.151307777777777,-0.022483128888888888,-251.43720000000005,0
0.26108540000000002,0.58676459230769229,0.90648307692307695,1.1947231076923077,1.4859973076923079,1.7948117692307692,2.0790116153846152,2.3963080769230767,2.7549949230769237,0.2947888946153846,12.158956,-0.10686955769230769,-383.23267692307695,154.3541803846154,154.18067161538463,153.93548046153845,153.63434176923076,153.28256753846151,152.88097015384614,152.42887984615385,151.93184300000001,151.402815,150.85470715384616,150.29340230769233,149.71690969230769,149.11861361538462,148.48921153846157,147.82350100000002,147.13094623076921,146.43197646153845,145.74224253846151,145.06423361538461,144.39216915384614,143.72228384615383,143.05830176923075,142.41082238461539,141.7932332,141.2133847692308,140.66877861538461,140.15313347692307,139.66435299999998,139.20538099999999,138.78231946153846,138.40214123076919,138.06773176923079,137.77257438461541,137.50291630769232,137.24727261538462,137.00126907692308,136.7651677692308,136.54125930769234,136.33083353846149,136.130303,135.93276953846154,135.73545330769232,135.54374135384614,135.36627538461539,135.20792376923075,135.06830423076926,134.94210984615387,134.8203616153846,0.0041067481470588238,0.002029227317647059,1.2372251384615385,0.59311499999999995,4.9286632846153839,10.695376000000001,0.17427102153846155,0.23782751923076928,1.7838797153846155,0.96149450000000003,0.75683675384615379,0.087386181352941183,664.16016923076916,3.4614169230769232,12.222188769230769,0
669.43345555555561,3.1650894999999997,9.3154902222222251,11.818601500000002,-0.04753947025,-352.63028333333335,1.2090831999999998,0.5705107444444445,4.8165552555555564,10.631420666666671,0.18384627444444446,0.2452748661111111,1.8803822722222223,0.97492235000000016,1.0069562666666667,0.24538597777777779,0.56945098333333344,0.88849280555555554,1.16345795,1.45343,1.7399582222222221,2.0364071111111111,2.3446606111111108,2.7055451666666666,0.003765387922727272,0.0022361464045454545,0.066062234954545468,0.41709887222222231,124.30437561111113,124.09752527777781,123.82176388888888,123.49917516666667,123.12845422222219,122.70413294444445,122.22562022222223,121.70207361111115,121.14764199999998,120.57413416666665,119.98486361111109,119.37168333333335,118.721225,118.0224418333333,117.27313327777776,116.48683988888891,115.68572438888889,114.88254638888887,114.07453527777781,113.25349866666664,112.41842883333334,111.57785416666668,110.74399805555554,109.92708808888889,109.1301311111111,108.34920838888887,107.58190250000001,106.8318828888889,106.10538983333332,105.40741827777781,104.74088044444443,104.10675194444445,103.50133316666665,102.9147605,102.33697711111111,101.76270877777776,101.19065021666665,100.62312613555555,100.06409481666668,99.513565627777766,98.967267616666675,98.42369027777778,97.888817094444448,97.3720395,96.879370594444438,96.410752000000016,95.960500555555555,95.51995622222222,0
0.063956930255555572,654.57217272727291,3.1717632045454547,9.3222787727272731,1.0019807772727274,1.1081331045454546,0.4713612072727274,11.859933363636362,-0.088253127272727286,-346.29424545454543,0.23439430454545454,0.55743624090909083,0.88898838181818174,1.1579007590909092,1.4380877272727273,1.7300251818181815,2.0339292727272733,2.3473365000000004,2.7141079090909095,0.0036170863629629629,0.0020753984037037037,1.1463253636363637,0.53669696818181822,4.566550827272728,10.912440181818186,0.17248139752727271,0.23147046363636364,1.7622298009090911,107.70920850000002,107.50705068181819,107.24004995454543,106.93021463636366,106.57575468181817,106.17100654545456,105.71594577272731,105.22036527272725,104.6980145,104.15908859090909,103.60454645454546,103.02389709090905,102.40327227272729,101.73347145454544,101.01390168181818,100.2566282727273,99.480105090909106,98.694822590909098,97.898984000000013,97.086621772727298,96.257576909090858,95.419735954545473,94.584109954545426,93.759486013636376,92.947908954545468,92.145684318181807,91.351395218181835,90.569140545454559,89.804330045454563,89.060571409090912,88.339806136363634,87.642756818181823,86.966490045454549,86.303199681818171,85.645103409090908,84.98834340909093,84.332035877272745,83.6785596490909,83.031979136363645,82.392780055000003,81.757646818181811,81.125535172727254,80.501384072727262,79.892944418181827,79.30515659545452,78.737993363636349,78.186634136363622,77.643575045454554,0
0.070207533939393954,0.0035189036848484851,0.002069377012121211,0.48546867000000005,1.0678157423076926,0.50025313076923072,4.2537964269230768,10.799729538461539,0.16614938192307691,0.22060087269230774,1.6936087230769228,1.1288076384615382,1.1521505461538462,0.24369449615384614,0.57113801538461528,0.88598256923076901,1.1462331807692308,1.4210012307692312,1.7161435769230768,2.0025686538461538,2.315030769230769,2.6683444230769235,12.019168153846154,-0.066133255807692318,-333.41318076923073,683.3747384615383,2.9193749038461538,7.2491010000000013,93.648653076923054,93.417968269230784,93.15456261538462,92.888647384615382,92.598454269230785,92.25543038461538,91.846893615384587,91.385194730769243,90.89733634615385,90.406675846153803,89.915556192307648,89.402136923076895,88.844481000000002,88.236890576923074,87.584241615384656,86.90035242307691,86.201239576923072,85.489814576923052,84.758791115384611,84.007786230769241,83.247740153846138,82.487924653846136,81.727333384615378,80.964522692307682,80.205095615384636,79.454275692307675,78.713851226923069,77.986857423076913,77.277749115384623,76.588904153846158,75.918915923076923,75.265216538461544,74.627659230769225,74.004736538461529,73.388998961538476,72.772365538461543,72.152813226923072,71.533381047692316,70.918849297692276,70.31221432846155,69.711461715384615,69.11379423076923,68.522568576923092,67.945342646153861,67.387915503846159,66.851080461538444,66.32926132692306,65.815578981923068,0
1.1151201032258062,1.3260790258064514,80.401513483870943,80.192794354838682,79.952938935483829,79.710044548387103,79.446468999999993,79.138803032258082,78.777072193548392,78.37249809677418,77.948611870967738,77.524898064516137,77.101285967741916,76.656601612903231,76.170990935483886,75.639413225806479,75.065651451612879,74.461445258064472,73.84147561290321,73.209421677419343,72.559597516129017,71.891814225806471,71.2158156451613,70.539832258064507,69.862586225806467,69.182269990322595,68.503299096774185,67.829778870967743,67.163060287096783,66.506147903225795,65.863434774193536,65.237437354838704,64.627554548387081,64.032210483870983,63.451224161290341,62.882482806451605,62.319148548387098,61.754552225806457,61.187132916129038,60.619148123870971,60.054232003225806,59.494756685483864,58.93941407419355,58.38673108064517,57.84062538064515,57.308149954838711,56.794053080645163,56.298409805161299,55.816124148387118,55.34122011935483,0.98138683548387107,0.46055432258064516,3.9094942709677425,10.77771470967742,0.15449221561290324,0.20349615064516133,1.5740958277419355,690.01100645161273,2.83959243548387,6.4127900967741951,11.88343677419355,-0.044980329548387113,-322.68055580645159,0.0034292296473684212,0.002073832518421052,0.52092862032258069,0.056602076844736837,0.24521583225806448,0.56148785806451607,0.87380125161290334,1.1437997709677421,1.4136496774193548,1.7103319677419355,1.9865925483870965,2.3204806451612909,2.6775380000000002,0
71.448522571428555,71.263840628571444,71.0517749714286,70.836878657142847,70.603485428571403,70.331021657142855,70.010599742857138,69.652057971428547,69.276324142857106,68.900746514285714,68.525270857142885,68.131026485714315,67.700403257142852,67.229023314285669,66.720177514285723,66.184209428571421,65.634228714285697,65.073493285714264,64.496785057142844,63.90393577142855,63.303758285714295,62.703632914285699,62.102346199999985,61.49833567142857,60.895619771428549,60.29765028571429,59.705457857142861,59.121834971428569,58.550796914285719,57.994538542857136,57.452568571428593,56.923580057142878,56.407300485714281,55.901686314285712,55.400629800000004,54.89836088571429,54.393568737142843,53.888232906571446,53.385595911428567,52.887741025714284,52.393343054285715,51.90116217428573,51.414986908571443,50.941177593714272,50.483728991428563,50.042517363714289,49.61299009714287,49.189793804571444,698.93669714285704,2.8296973542857131,6.3171060285714296,0.24049464000000001,0.57050546000000024,0.8759193942857143,1.1559509371428573,1.4297552857142857,1.709093828571429,1.9860663428571428,2.2956032571428571,2.6632843142857152,0.89793336857142836,0.42331342571428576,3.5770453885714284,10.919794514285712,0.14057228314285714,0.18550152371428574,1.4343349314285718,1.1474685571428569,1.2839717057142856,0.48164182371428582,12.062291257142855,-0.053615061428571455,-312.4943111428571,0.0031290319325581397,0.0018670507023255808,0.053101295941860471,0
0.013800930000000001,0.0055689248666666658,0.95216859999999992,0.38581323200000001,3.7930990000000002,10.379003600000001,0.14716802599999998,0.19565964600000002,1.4889022999999999,9.1534966000000004,0.096051180000000028,-5942.6840000000002,48.783548799999998,46.055079200000002,42.473513720000007,38.712014999999994,35.2166882,32.320650999999998,30.271740000000001,29.2293071,29.17058578,29.814918200000001,30.755838200000007,31.635323799999991,32.192841000000001,32.275752999999995,31.84260656,30.937855920000004,29.677146800000003,28.226319139999998,26.753408760000003,25.395926243999998,24.238600959999999,23.279571199999999,22.424215319999998,21.523720779999998,20.420866539999999,18.979760559999999,17.103255139999998,14.756716560000001,12.009862239000002,9.0532410800000012,6.1475518199999994,3.5540114599999995,1.4917260200000002,0.097142584000000115,-0.60484286600000003,-0.69430897999999996,-0.3558626419999999,0.12453147399999998,0.42861495599999999,0.29948419200000009,-0.41478603399999991,-1.7549990400000002,-3.6603788399999999,-5.9901024600000001,-8.5436387800000002,-11.088910819999999,-13.403136460000002,-15.312578780000001,0.34008516,0.46836985999999997,0.60841053999999994,1.0000068,1.2606864,1.5121752000000002,1.8547938000000002,2.0543595999999997,2.4753814000000003,558.29608000000007,2.4570749200000002,-18.456398200000002,-0.34355986000000011,1.9608588,0.87031671999999993,0.0074869791666666678,1
0.79785159999999999,10.768811333333334,0.0095035444444444631,-3919.1167900000009,-0.11432915555555558,1.7484665222222222,0.012924811045454548,0.0046051159636363642,0.041134926090909081,0.86547274777777772,0.30198379999999997,3.4477337222222224,10.027294222222221,0.25714551555555554,0.29663717111111115,2.5741753888888885,606.0481222222221,2.3301338777777776,-11.050542022222222,50.892446555555551,48.743000777777773,45.871752611111106,42.775427888888885,39.786680222222223,37.168050999999998,35.133970777777776,33.834151877777771,33.276292699999999,33.272673222222217,33.53679666666666,33.809911444444445,33.896086555555563,33.667262300000004,33.071304977777771,32.125031266666674,30.905369722222222,29.532359033333332,28.1357024,26.823659111111112,25.655167488888893,24.614231355555557,23.60952452222222,22.507581544444442,21.17561625555556,19.508056422222225,17.438419311111112,14.958384168888889,12.144593942222224,9.159992299999999,6.2153138111111108,3.5221960888888884,1.257851888888889,-0.46983327333333336,-1.642989188888889,-2.3272146888888887,-2.667771975555556,-2.8833092511111116,-3.2147680090000001,-3.8552056022222221,-4.9141558333333331,-6.4123548288888896,-8.290009638888888,-10.426514838888888,-12.663482786666666,-14.829315488888888,-16.765234377777777,-18.352613355555558,0.30677972222222216,0.4774675333333333,0.6522323888888889,1.0545916222222222,1.2985499999999999,1.6024153333333337,1.8734179999999998,2.1606179999999999,2.5741202222222221,1
0.25352947999999997,0.62037865999999997,0.94770295999999998,1.2522378000000001,1.5678717999999998,1.8369661999999998,2.1526247999999994,2.4818094000000004,2.8167225999999999,11.895227999999999,-0.20356345000000003,-314.74722000000003,0.0030695000999999993,0.0015408094833333334,0.89561299999999999,0.57197606000000001,235.49341800000002,235.46184599999998,235.42842000000002,235.39012199999996,235.34541199999998,235.29623599999999,235.24281200000001,235.18473800000001,235.123054,235.05928800000001,234.992974,234.92251999999999,234.848726,234.77329200000003,234.69524000000001,234.61366599999997,234.53075399999997,234.44785000000002,234.36298799999994,234.27557399999995,234.18779599999999,234.10003599999999,234.01144600000003,233.92353800000001,233.83804999999998,233.75395800000001,233.66990200000001,233.58735200000001,233.507856,233.43030800000003,233.35388200000003,233.27958599999997,233.20710399999999,233.13504800000001,233.064324,232.99651000000003,232.93052800000001,232.86453,232.79983200000001,232.73794800000002,232.67736599999998,232.61724199999998,232.55929399999999,232.50398600000003,232.44993199999999,232.39749599999999,232.34809800000002,232.300726,0.12426249333333332,0.14762252200000001,1.7563693600000001,0.82031014000000013,6.9967477999999996,10.8484268,0.20232508999999999,0.28412021399999998,2.0215120600000001,744.81295999999998,3.6118293999999991,13.717180000000003,0
0.0020630126727272731,0.0012479285272727271,141.51015622222224,141.43556577777778,141.36712944444446,141.3121868888889,141.26673833333336,141.21702755555555,141.14305022222223,141.04320588888891,140.92910511111108,140.81224599999999,140.70180122222223,140.59420188888888,140.47654300000002,140.3427723333333,140.19543366666664,140.04231944444442,139.89319322222221,139.75006488888891,139.60514188888885,139.45248911111111,139.29379988888888,139.13135411111111,138.96608311111112,138.80208622222221,138.6423091111111,138.48449644444446,138.32845111111112,138.17855779999999,138.03632178888887,137.89790505555558,137.76059023333335,137.62606207777779,137.49602243333331,137.37065443444442,137.25075546111108,137.13649735555555,137.02614984444443,136.91907252222222,136.81814877777776,136.72762553333334,136.64720864444448,136.57230249999998,136.50132916666666,136.43480522222225,136.37262909999998,136.31948672222222,136.2807392777778,136.25221153333331,0.083473900909090917,1.243112077777778,0.60096902222222215,4.9521143333333333,10.532128444444444,0.15194496555555553,0.21149325999999999,1.5223031333333337,0.33725508666666665,744.49875555555559,2.9326598111111113,6.7186243333333335,12.218313333333333,-0.022189272222222198,-240.11907777777776,0.22888013333333335,0.6472329333333332,0.9322142333333332,1.176031,1.4893202222222222,1.7649515555555557,2.0734436666666669,2.3298462222222223,2.6953272222222218,1.0887164,0.56447732222222236,0
0.066172874470588228,12.308795384615385,-0.025741870769230776,-238.92597692307692,100.07510861538464,100.00462992307695,99.937169230769243,99.881131538461517,99.834146615384654,99.785534000000013,99.718478000000005,99.630036000000032,99.528127923076909,99.42180023076925,99.31893630769234,99.217527538461553,99.107978461538451,98.985484538461549,98.851301461538469,98.711388461538476,98.573767076923104,98.439566615384607,98.302027153846154,98.156910538461545,98.006597461538448,97.853067076923082,97.696532615384598,97.540382153846153,97.387826846153857,97.237339846153859,97.08873176923079,96.945895153846152,96.809916946153834,96.676986799999995,96.544697415384633,96.414385869230756,96.286776407692301,96.161216853846113,96.03883918461537,95.920937993846124,95.806381120769203,95.694541099999995,95.588252353846173,95.490913738461558,95.401432792307702,95.31596186923079,95.233959653846171,95.156215276923064,95.082296738461551,95.015530223076908,94.960105646153835,94.912729976923117,0.4313079892307693,730.12121538461531,2.863782492307692,6.2216569230769228,1.0709567307692305,0.77328899230769221,0.23281828461538462,0.61186937692307686,0.89872102307692314,1.1500299999999999,1.4541175384615386,1.7333432307692307,2.0185265384615385,2.2819746153846157,2.6214294615384617,0.98821367692307704,0.48258406153846151,3.9366894461538462,10.71690876923077,0.11640447846153844,0.16444320923076922,1.1663125223076922,0.0022782713588235292,0.0012857828529411767,0
12.210669333333334,-0.058633700500000004,-249.30755555555555,800.46149444444438,2.4053907611111112,2.4781520555555563,0.05094493286363639,0.39341408500000002,0.25824482777777774,0.65602197222222203,0.91437843888888892,1.1606615555555555,1.4582623333333333,1.7296097777777775,2.0159409999999998,2.2694243333333333,2.6210435000000003,0.80498259444444442,0.39384172777777776,3.2067629055555562,10.630224000000002,0.10164228833333332,0.13947693611111109,1.0264739055555558,1.1569834833333335,0.81961387222222226,73.387837277777791,73.307332777777788,73.24573888888888,73.202503888888899,73.166751333333337,73.126070222222211,73.063529777777774,72.980975888888892,72.888041111111107,72.791738611111114,72.700878055555549,72.613747777777775,72.520785888888867,72.416701388888896,72.298995833333336,72.173573277777777,72.052988944444436,71.938234388888901,71.818452500000006,71.688289944444449,71.552289499999972,71.41459155555556,71.275684777777769,71.138209777777789,71.00391477777778,70.869259555555573,70.733763777777767,70.602849444444431,70.478311472222217,70.357019361111114,70.237600472222212,70.120883611111125,70.007093638888904,69.894818066666645,69.782535916111129,69.671842483333322,69.565028466111102,69.462421213888902,69.366927983333341,69.2812468611111,69.200489433333317,69.120094422222209,69.042530983333336,68.969930416666671,68.90221320555554,68.841766611111098,68.790762772222237,68.746461022222206,0.0024220889681818179,0.0012600066545454542,0
0.046314382348148171,61.004264681818199,60.899027045454567,60.825284272727259,60.781618636363646,60.752363999999993,60.717109499999999,60.648876727272722,60.553993499999997,60.449834727272695,60.343506727272718,60.246802999999993,60.161060045454548,60.072256454545474,59.967899181818183,59.841286727272745,59.701754090909091,59.571099590909085,59.454967863636377,59.337941545454527,59.205886318181825,59.059464681818191,58.907409409090931,58.756083954545481,58.610058863636375,58.470677454545424,58.332469818181828,58.192348727272709,58.054436454545453,57.92143274090909,57.792727690909075,57.668119995454525,57.547960059090904,57.432051304545482,57.317265327272729,57.199830499999983,57.081868009090925,56.968849956818183,56.864609661818164,56.772143646818179,56.689363809090899,56.60895986363635,56.529320377272718,56.454359240909092,56.386021099999994,56.326650959090898,56.278286522727257,56.238177131818198,56.202381784545445,0.72045885454545455,0.35833346818181816,2.8700507272727269,10.905588090909093,0.095527684636363644,0.12953891090909087,0.96851600454545439,0.0023282438481481487,0.0014577615481481483,0.27010379545454549,0.66361410454545455,0.91085972272727256,1.1519095000000001,1.4487226818181818,1.717355909090909,2.0113970454545456,2.2372390909090907,2.5971015909090904,808.44278181818186,2.2424626590909091,0.36718595454545433,0.41654474090909088,12.340264090909091,-0.037438828754545468,-240.94607272727274,1.1657623636363637,0.83552648636363647,0
0.0019944925696969702,0.0012311832484848489,12.456535384615384,-0.028915977423076913,-232.92182307692312,0.63587639230769233,0.31841565076923078,2.5331045346153847,11.031625923076927,0.085592131961538462,0.11495904,0.87472382500000012,51.78615172692308,51.696621565384618,51.634010988461533,51.596639461538452,51.571132980769235,51.540694011538484,51.482481000000007,51.40148069615384,51.312408596153844,51.221637426923095,51.139065669230789,51.065502153846147,50.98932536923077,50.90026464999999,50.792309326923075,50.673034834615386,50.56118127692308,50.461801934615394,50.361624692307686,50.248667392307695,50.123830196153833,49.994312930769233,49.86494656923076,49.739806342307674,49.620602007692312,49.502591250000023,49.382903638461549,49.265151034615364,49.151609711538477,49.041378830769233,48.934328353846155,48.83131597615386,48.732289114884594,48.634146888461565,48.533581007692298,48.432619788461551,48.335760976923083,48.246099462307683,48.166535032307713,48.09560465653847,48.026840862307694,47.958568319230785,47.894283669230759,47.835710742307711,47.784566257692305,47.742651565384598,47.70809444846153,47.677496190000021,823.27458846153843,2.2418015923076919,0.61160820769230817,0.36526541996153838,0.26668665384615386,0.66166100384615401,0.91550046923076944,1.1683388846153848,1.4724164615384616,1.7157986153846154,2.0055577307692305,2.2314834615384616,2.5800786923076924,1.1255531500000002,0.78403201923076915,0.036253957730303023,0
0.25737245161290323,0.64679444516129014,0.9152239999999997,1.1696315483870972,1.4855802258064519,1.7133839677419354,1.9849102903225806,2.2281800000000005,2.5389723548387093,0.0018003381473684209,0.0011060234263157898,43.597641080645147,43.52195679677417,43.469125754838686,43.437277409677414,43.415070496774192,43.388798374193549,43.339316580645153,43.270544212903232,43.194879177419359,43.117947058064509,43.047884006451604,42.98505449999999,42.919923887096786,42.844229977419367,42.752652338709666,42.651356099999987,42.556441880645153,42.472222016129024,42.387136245161315,42.291096887096778,42.185308409677425,42.075809229032259,41.966316019354856,41.860303132258075,41.759463800000013,41.659582593548393,41.557983822580631,41.458034409677417,41.361926096774191,41.268575912903231,41.177661235483853,41.090209709999996,41.006211516774179,40.922728125806472,40.837143709677406,40.751581667741924,40.669559309677425,40.59318644032259,40.525176789677424,40.464737734516156,40.406214595806439,40.347948529354831,40.29310188290323,40.243182141935485,40.199294390322585,40.163057980645149,40.133300993548389,40.107058330516104,0.032940511473684209,1.0635930070967745,0.73661551677419335,12.303032612903223,-0.026857427548387113,-234.91927096774194,0.34116619367741935,825.64364516129035,2.2646997838709675,0.96259989677419366,0.5647485096774193,0.28219039258064521,2.2497564290322574,11.068761354838712,0.074005207361290293,0.10009791612903225,0.75439917580645166,0
0.30518795999999998,0.64153777999999995,0.95161239999999991,1.2661042000000002,1.590964,1.8451588000000001,2.1750042000000001,2.4945525999999996,2.8223224,11.959976000000001,-0.20359590800000005,-312.89135999999996,0.022234508600000001,1.6487559600000001,0.77633060000000009,7.2247978000000002,10.004326799999998,0.200544994,0.29989487400000003,2.0040188799999994,0.13246156166666667,0.0030821908000000001,0.0015049542833333335,206.59192400000001,206.570356,206.55090799999999,206.53118600000002,206.51011400000002,206.48950800000003,206.46919799999995,206.44762,206.425254,206.40407199999999,206.38326399999997,206.36088000000001,206.33813000000001,206.31671799999998,206.29496200000003,206.27163400000001,206.24866600000001,206.22662599999998,206.20373599999999,206.17985400000003,206.15695999999997,206.13461799999999,206.11078400000002,206.08628600000003,206.063108,206.03999000000005,206.015422,205.99084799999997,205.96734799999999,205.943062,205.91750000000002,205.892808,205.86911000000001,205.8442,205.81841600000001,205.79374799999999,205.76940799999997,205.74381000000002,205.71821999999997,205.69387399999999,205.66908600000002,205.64297200000001,205.61747800000003,205.59303799999998,205.567666,205.54132199999998,205.51593000000003,205.49102600000001,0.89821697999999994,0.6144058,765.96154000000001,3.6065238000000002,13.514795799999998,1
0.25944606666666664,0.58656768888888888,0.8519983333333333,1.2362255555555555,1.5444628888888889,1.7958543333333334,2.1000234444444441,2.4155602222222221,2.7676409999999998,1.2452733333333335,0.58896502222222213,5.3303394444444443,10.577587333333334,0.14806803888888889,0.2206296388888889,1.5297299555555552,0.0020907121636363634,0.00096237629999999981,660.73856666666654,3.7047809999999992,14.40032722222222,128.18768,128.13748222222222,128.07137888888892,127.98906333333333,127.89208999999998,127.78608999999999,127.67338111111108,127.55291777777776,127.42442222222222,127.28837444444441,127.14229888888887,126.98244444444445,126.80917333333332,126.6249511111111,126.43040111111112,126.22729777777779,126.02029888888887,125.81289666666667,125.60567666666667,125.39959488888887,125.19630388888888,124.99373066666668,124.78741011111113,124.57659288888888,124.3626714444444,124.14448600000001,123.92171555555556,123.69861655555555,123.47944488888886,123.26537822222222,123.05861277777778,122.86313577777777,122.67886122222222,122.50199844444442,122.33073999999998,122.16470649999999,122.00100757777778,121.83674925555559,121.67363301111112,121.51463401111113,121.35994605666663,121.21079883333333,121.07204719999999,120.94643024444443,120.83264796666668,120.73030191111113,120.6399409777778,120.5590723777778,12.319085555555555,-0.07677819555555554,-273.02265555555556,0.088002974545454526,0.28959627100000002,0.96429192222222226,0.70260647777777785,1
1.0730549384615387,0.50026816923076933,4.5335846153846155,10.453541076923075,0.14023967307692309,0.19954170153846151,1.4422315076923076,0.24873284615384619,0.61984402307692288,0.8663364769230768,1.2042086923076925,1.4951021538461542,1.752953615384615,2.0439187692307694,2.3326009999999999,2.7018689999999999,12.150923076923078,-0.035940008461538449,-275.58241538461539,0.35323680323076923,0.067640417352941171,0.0021024708176470589,0.0010726705647058823,1.0644687384615383,0.79992826153846153,686.51926153846148,3.2561577384615386,10.506546384615383,93.685116923076919,93.587186923076914,93.494278461538471,93.408323846153834,93.314998461538451,93.205760769230764,93.074032307692306,92.922943076923076,92.759516923076916,92.586155384615367,92.403337692307716,92.210500923076907,92.010234769230749,91.805110846153852,91.585972846153837,91.34082038461537,91.07386192307689,90.803739692307701,90.544930692307702,90.295872153846162,90.04636815384616,89.787530461538466,89.513047076923087,89.225516384615418,88.935229923076889,88.644288461538451,88.349304615384625,88.054906076923061,87.765350230769229,87.478388769230776,87.195647076923038,86.922953769230773,86.662433153846123,86.413083461538477,86.172481230769264,85.936294630769254,85.699738509230784,85.460872376923064,85.221952923076913,84.984788323076899,84.748995399999998,84.519620423846163,84.307324238461561,84.116105415384624,83.938498461538472,83.766014215384629,83.598880169230796,83.442896246153865,1
725.06577222222222,3.0220802499999997,8.3327926111111097,0.38338394649999996,69.960153166666643,69.863551611111134,69.78045655555556,69.711402555555537,69.637640166666671,69.546820333333329,69.431226500000008,69.296726611111126,69.151587111111127,68.996781777777755,68.832403944444437,68.658623111111126,68.479964833333341,68.300139666666652,68.107055666666653,67.886234777777787,67.643051944444437,67.397522388888888,67.164755777777771,66.94218266666671,66.716944833333329,66.479956388888866,66.227212111111115,65.962762999999981,65.69791833333332,65.434338833333342,65.166644833333351,64.898486999999989,64.633729277777789,64.369138722222203,64.106243166666673,63.851135277777757,63.606815555555535,63.373670611111116,63.148921611111113,62.926398505555554,62.701046626111093,62.472483233333328,62.244866761111133,62.020752966666677,61.798777727777782,61.582659315000001,61.382713773888895,61.202108183333344,61.031451194444443,60.861528027777773,60.694675996111123,60.539176831666659,0.0019394638181818179,0.0010061480045454546,0.054052872381818197,0.89704471111111106,0.42194572777777783,3.7625216111111106,11.101562000000001,0.11107188916666665,0.16008719833333332,1.1623618677777778,0.24066441666666671,0.62769995555555558,0.87529572777777787,1.1972828333333334,1.4664627777777777,1.7270318888888889,2.0065419444444448,2.2786587222222221,2.609186444444445,1.2117163055555555,0.8515946499999999,12.17790277777778,0.013635734444444452,-261.73928666666666,1
0.40928758659090914,0.2579026454545455,0.64313623636363648,0.87525284090909072,1.1841503181818183,1.4455757727272727,1.7195757272727272,1.9902919545454549,2.2534520909090912,2.6282946818181809,0.052836664925925925,59.439597136363631,59.313641181818191,59.210847454545437,59.136752681818187,59.066005272727267,58.979381181818205,58.862370318181817,58.720584818181798,58.568318772727274,58.407991454545474,58.237855636363655,58.058947999999987,57.876085227272718,57.691557500000023,57.492021500000007,57.260133454545446,56.999812863636379,56.735345363636362,56.487285727272734,56.255089545454545,56.025172863636364,55.784190818181827,55.520874318181797,55.236804045454548,54.948785454545458,54.663611999999993,54.375162045454552,54.085448636363644,53.798155454545459,53.510503954545449,53.227475000000005,52.95840340909092,52.702864454545448,52.456313636363646,52.21598195454547,51.977135027272702,51.735128761818167,51.489181795454549,51.240445318181827,50.989226372727288,50.737324454545472,50.494114771954557,50.273550700000008,50.079236663636372,49.897943722727284,49.715445736363648,49.533383895000021,49.362739610909095,1.3146573727272726,0.87970223636363654,743.1572000000001,2.749751163636363,6.1186384999999994,0.0021642068999999996,0.0012581498666666665,12.3134055,-0.034144869909090915,-266.77263181818176,0.83105896363636367,0.39064893181818178,3.3106418727272735,10.894821363636366,0.10749293986363638,0.15326166545454545,1.1184769431818182,1
745.44773846153851,2.613293042307693,3.9264818846153835,12.315158076923076,-0.012988409653846135,-267.49032307692318,51.7306161923077,51.567773423076915,51.440505153846168,51.368235461538475,51.31971430769233,51.258569192307689,51.153869769230774,51.008107846153834,50.843445615384624,50.671199615384616,50.495301730769228,50.317667576923085,50.141354346153847,49.967484576923056,49.778723769230766,49.550298346153845,49.283261192307691,49.007994730769234,48.754711923076954,48.527881576923079,48.309290461538453,48.074406038461568,47.804472000000004,47.50532311538462,47.206289461538468,46.922700038461535,46.645141769230754,46.364744115384617,46.077358153846149,45.781534115384602,45.489283692307694,45.215463961538454,44.960167423076932,44.716421307692293,44.479629946153835,44.244499753846171,44.005030115384606,43.758167088461548,43.50386686923077,43.244573507692316,42.987779430769244,42.747503842692282,42.536799445384609,42.353701173076921,42.178189826923095,41.992677076923059,41.802810036153843,41.626484211538468,0.77901469230769227,0.3616085807692308,3.1033159384615399,11.17987376923077,0.10493685246153846,0.14740211230769229,1.0922034546153847,0.0022047626757575761,0.0013858527454545452,0.044570461636363641,0.43573104873076929,0.26645651538461534,0.64611147307692296,0.87774515769230765,1.1794966923076922,1.4444421538461536,1.717471,1.9881328076923073,2.2564145,2.6608435769230772,1.3385693538461538,0.92527752307692301,1
0.006054522666666666,0.0016425715000000002,626.77872000000002,2.9387146,6.4895021999999996,19.516434999999998,19.397123799999996,19.232909200000002,19.026172600000002,18.7709628,18.466228199999996,18.113299399999999,17.721216000000002,17.299891199999998,16.848655999999998,16.367540399999999,15.863583999999998,15.338671400000001,14.791102200000001,14.223952000000002,13.6370878,13.024327000000003,12.385888999999999,11.7297978,11.060594400000001,10.376541000000001,9.6744394000000007,8.9528239999999979,8.2149838000000024,7.4677911999999989,6.714492879999999,5.9549395020000002,5.1934485999999991,4.4367022059999996,3.6855585,2.9377753000000002,2.1948164600000002,1.4610474800000004,0.74145372000000009,0.041040359999999908,-0.63765357999999994,-1.295274724,-1.9332171399999996,-2.5520480000000001,-3.1497631999999998,-3.7210776000000001,-4.2626232000000002,-4.7775704000000001,-5.2707753999999998,-5.7420255999999998,-6.1882508000000005,-6.609819400000001,-7.0103976000000001,10.901585000000001,-0.22504915999999997,-1362.45418,0.013783772666666666,0.77266448200000004,0.70828686000000007,0.65926805999999982,0.30292551200000001,2.6262884,10.043084799999999,0.079752016000000009,0.11178180600000001,0.79935442000000001,0.14338701999999998,0.48138281999999999,0.83049931999999982,1.0967954,1.3192105999999999,1.5987279999999999,1.9027705999999998,2.0423618000000001,2.6011271999999996,0.79812393999999998,0
0.034332274363636367,0.69920566666666673,11.469312777777779,-0.12399722666666665,-1598.2637999999999,0.6931508111111111,0.29368367777777782,2.7612649999999999,10.221093111111109,0.12518604655555554,0.15742468555555555,1.2809184811111112,23.062584000000001,22.888730222222222,22.674297777777777,22.397351999999998,22.047844888888889,21.638895444444444,21.161237111111106,20.619738888888886,20.035369555555555,19.405304444444443,18.728630000000003,18.023877666666667,17.297870555555555,16.545234999999998,15.765282666666666,14.956300333333335,14.115236222222222,13.248311333333334,12.368561333333336,11.480982777777777,10.578934666666667,9.6571382222222226,8.7157858888888882,7.7563145555555559,6.7850049777777777,5.8084245555555567,4.8267133777777778,3.8441826222222213,2.8684482333333334,1.8957970888888884,0.92067971111111135,-0.050278944444444723,-1.0086382111111112,-1.951142348888889,-2.8729321255555558,-3.7692537646666668,-4.6406341888888889,-5.4874601999999992,-6.3062776777777776,-7.0943611111111116,-7.8481342222222237,-8.5608312222222214,-9.2316808888888886,-9.8652731111111116,-10.458833,-11.007504444444445,-11.512997444444446,-11.97523988888889,0.0057768567272727276,0.0016331252999999999,693.9262555555556,2.5174764444444442,3.1927171666666663,0.81868056111111109,0.60063303333333329,0.14693505555555558,0.5474142666666667,0.87086465555555548,1.1622190000000001,1.3938434444444445,1.7276427777777776,1.9568950000000003,2.2460662222222223,2.744888,0
0.73023452307692294,707.25276153846164,2.5225012615384617,2.7162959153846153,0.038373160117647069,11.737277153846151,-0.021210600769230765,-1130.295876923077,0.89950672307692314,0.33440549153846155,3.5833133846153844,10.428695846153845,0.24435313892307692,0.27781977153846155,2.4644582376923081,44.124662461538456,43.600315076923081,42.912216461538463,42.057456692307696,41.011306692307691,39.788902692307687,38.383524076923081,36.798378461538462,35.068641230769231,33.22195476923077,31.292097384615388,29.329118769230774,27.363523000000001,25.401777153846151,23.442240461538464,21.479579000000001,19.516572615384618,17.572034384615385,15.673557538461541,13.842294692307691,12.078604153846154,10.368384153846154,8.6977703846153851,7.0530586153846153,5.4228614461538465,3.8045536153846156,2.2019012500000001,0.62344590769230734,-0.92504276923076922,-2.4553754307692306,-3.9896701692307692,-5.5400417076923087,-7.1064459923076919,-8.6820988615384618,-10.255732634846153,-11.819085896153846,-13.368918430769231,-14.898140938461539,-16.395811699999999,-17.854185846153847,-19.263378769230769,-20.607439076923075,-21.874610923076922,-23.056190846153847,-24.134981615384614,-25.092184538461538,-25.917626846153844,-26.607183923076921,0.0090156839411764719,0.0027858291352941167,0.76548957538461526,0.28338697692307696,0.14704591538461537,0.51863780769230772,0.84845742307692307,1.1359717692307691,1.3753516923076923,1.6809996153846154,1.9128741538461538,2.1667202307692306,2.6293072307692307,0
0.62035096000000001,0.7419738199999999,10.8933526,-0.23397940599999995,-2346.1560400000003,0.45931826000000003,0.21103121800000002,1.8297597400000001,10.762295599999998,0.087161212000000002,0.102522946,0.94527344000000002,0.82249129999999993,0.01692199833333333,0.1539663,0.45250716000000002,0.72766382000000007,1.1335503200000001,1.4441834000000002,1.6848552000000001,1.9150449999999999,2.2067122000000001,2.6495551999999996,10.876709000000002,10.780367399999999,10.634367399999999,10.4405454,10.203120200000001,9.9310787999999981,9.6282790000000009,9.2952417999999994,8.9340620000000008,8.5460826000000001,8.1321712000000002,7.6949935999999992,7.2378410000000004,6.7647626000000001,6.2816742000000003,5.7942616000000005,5.3060895999999991,4.8196099999999999,4.3367267999999992,3.8583503999999991,3.3851514000000003,2.9179846000000005,2.45723644,2.0042203540000001,1.56243424,1.13481871,0.72243773999999994,0.3270246,-0.049514799999999901,-0.40775620000000001,-0.74959471999999994,-1.0764476599999999,-1.38983664,-1.6913007999999998,-1.9816723000000003,-2.2612552599999995,-2.5298785799999997,-2.7866790999999997,-3.0303100748,-3.2595521199999999,-3.47360574,-3.6715437,-3.8525614600000004,-4.0171130999999995,-4.1660702800000005,-4.2991450000000011,-4.4155986800000004,-4.5150660200000008,0.0036981905833333335,0.0011073458500000001,645.95490000000007,3.2917935999999997,9.3197867999999993,1
